{"best/epoch": 59, "best/precision": 0.9967928958537252, "best/recall": 1.0, "best/mAP_0.5": 0.995, "best/mAP_0.5:0.95": 0.9722852040275571, "Labels": {"_type": "images/separated", "width": 1600, "height": 1600, "format": "jpg", "count": 2, "captions": ["labels.jpg", "labels_correlogram.jpg"]}, "Mosaics": {"_type": "images/separated", "width": 1920, "height": 1920, "format": "jpg", "count": 3, "captions": ["train_batch0.jpg", "train_batch1.jpg", "train_batch2.jpg"]}, "train/box_loss": 0.009076989255845547, "train/obj_loss": 0.006958034820854664, "train/cls_loss": 0.0, "metrics/precision": 0.9967585784263596, "metrics/recall": 1.0, "metrics/mAP_0.5": 0.995, "metrics/mAP_0.5:0.95": 0.9722852040275571, "val/box_loss": 0.0022423837799578905, "val/obj_loss": 0.0016965866088867188, "val/cls_loss": 0.0, "x/lr0": 0.00043, "x/lr1": 0.00043, "x/lr2": 0.00043, "_runtime": 3544, "_timestamp": 1672511771, "_step": 60, "BoundingBoxDebugger": {"_type": "images/separated", "width": 672, "height": 672, "format": "png", "count": 16, "captions": ["1_0_jpg.rf.9ba8e91c50d3af9018ff365824cb31df.jpg", "6_7_jpg.rf.8870b5fc878272f8419d8532cd236762.jpg", "6_6_jpg.rf.3cceaf3dcb8dcbf141bf6ea49258a720.jpg", "6_3_jpg.rf.93aa535ad1131bdff41e9f509f881396.jpg", "6_1_jpg.rf.83bb271c0008b0f7c0afd5fe1d3a3e52.jpg", "6_0_jpg.rf.2213d11578ac7f3dff58d63f6eb7bac2.jpg", "4_3_jpg.rf.03cb5a066866b76b6f959c173cfc9465.jpg", "7_3_jpg.rf.dfbb00f7aeab175681f9c5ffaec82654.jpg", "4_2_jpg.rf.1219ca12e4580fba0b7ca7dc79b785a8.jpg", "4_23_jpg.rf.cc88f1a7662e6359ea3ee09db9d920b9.jpg", "4_20_jpg.rf.b2444ac391764d97db152d25d49fdc54.jpg", "4_12_jpg.rf.73a9d9c4bbd49982cac1278c249751be.jpg", "3_9_jpg.rf.d8feb571e8f77cca15ffe89cef1aea38.jpg", "2_6_jpg.rf.d3bd3b34fb3cd28f7e548d9256dbf59c.jpg", "2_4_jpg.rf.99c6e51e14087bfc36775e4d183ab784.jpg", "4_25_jpg.rf.4cef55bd2774ba05d29625fb3e7112a4.jpg"], "all_boxes": [{"predictions": {"_type": "boxes2D", "path": "media/metadata/boxes2D/BoundingBoxDebugger_59_00.boxes2D.json", "sha256": "11e91fd9b9b264742052a1a39e98a74873193683b8718961bdedde1507579376", "size": 413}}, {"predictions": {"_type": "boxes2D", "path": "media/metadata/boxes2D/BoundingBoxDebugger_59_10.boxes2D.json", "sha256": "fa5ecd4b9f4f0384722197c4969b2f8617a56c5e5d6995c452f60ecf2740b758", "size": 224}}, {"predictions": {"_type": "boxes2D", "path": "media/metadata/boxes2D/BoundingBoxDebugger_59_20.boxes2D.json", "sha256": "8e79075a7aef105e8c17c4c251078d4365f3fc815f4b1fae32d21353d1c2a982", "size": 219}}, {"predictions": {"_type": "boxes2D", "path": "media/metadata/boxes2D/BoundingBoxDebugger_59_30.boxes2D.json", "sha256": "8460db5d9534ba88b1a85c414a89920e8d6da15d4efc7772ac2ec87b80e522cc", "size": 222}}, {"predictions": {"_type": "boxes2D", "path": "media/metadata/boxes2D/BoundingBoxDebugger_59_40.boxes2D.json", "sha256": "30087c4041b6833c284841c05662c1c37c67a27483f35337e6171188736ed8ed", "size": 224}}, {"predictions": {"_type": "boxes2D", "path": "media/metadata/boxes2D/BoundingBoxDebugger_59_50.boxes2D.json", "sha256": "97f5f25808d415b8a0e39f8b3b8e9b2c3136e3ad1ed17501a2a9dc57eec394b0", "size": 225}}, {"predictions": {"_type": "boxes2D", "path": "media/metadata/boxes2D/BoundingBoxDebugger_59_60.boxes2D.json", "sha256": "25162c8c531dd602fc7155433c59f9ffb9b406146ed17ce2c6594a48af6575e9", "size": 594}}, {"predictions": {"_type": "boxes2D", "path": "media/metadata/boxes2D/BoundingBoxDebugger_59_70.boxes2D.json", "sha256": "e2ce20818fc5501fd9f5a0a4b7a9dd2838ebd4a16e0bdcf9852e48769805bda7", "size": 599}}, {"predictions": {"_type": "boxes2D", "path": "media/metadata/boxes2D/BoundingBoxDebugger_59_80.boxes2D.json", "sha256": "85065709794ae5dc39fb82eacbee3f4acac81af22753ed406168e95e8a2ff8cf", "size": 412}}, {"predictions": {"_type": "boxes2D", "path": "media/metadata/boxes2D/BoundingBoxDebugger_59_90.boxes2D.json", "sha256": "5ab1e0d86b275dd83f70429a07dd045bffb4431f968fe7ceac23aa1a0d1bd2b7", "size": 784}}, {"predictions": {"_type": "boxes2D", "path": "media/metadata/boxes2D/BoundingBoxDebugger_59_100.boxes2D.json", "sha256": "8d4457595a12c2db6f04a1877cdf165c3db364ecc31adc04c9a355f59c8c69bd", "size": 599}}, {"predictions": {"_type": "boxes2D", "path": "media/metadata/boxes2D/BoundingBoxDebugger_59_110.boxes2D.json", "sha256": "b0954c781def77a41e99f6c6a8ac1eb7cc35eafe2fb17d6d1626f42fe07b5d7e", "size": 599}}, {"predictions": {"_type": "boxes2D", "path": "media/metadata/boxes2D/BoundingBoxDebugger_59_120.boxes2D.json", "sha256": "767c0a1f726a5f2db298f06460bcec86d13640db0f4790de04ef651e1a22bf99", "size": 411}}, {"predictions": {"_type": "boxes2D", "path": "media/metadata/boxes2D/BoundingBoxDebugger_59_130.boxes2D.json", "sha256": "cfd5e59bc53193f4088f06777958b2a0176adeda5cf7dd6ec6cd7e2f4014e782", "size": 413}}, {"predictions": {"_type": "boxes2D", "path": "media/metadata/boxes2D/BoundingBoxDebugger_59_140.boxes2D.json", "sha256": "e76bd1cce614fce1df1f6d742afc1f61d6cb4619d803cdfd43800b82a1fe7641", "size": 414}}, {"predictions": {"_type": "boxes2D", "path": "media/metadata/boxes2D/BoundingBoxDebugger_59_150.boxes2D.json", "sha256": "64049d98a7cc6082fb299386998ce0c7de5fb877e560283ff56d865ec8f90af4", "size": 413}}]}, "Validation": {"_type": "images/separated", "width": 1920, "height": 1920, "format": "jpg", "count": 2, "captions": ["val_batch0_labels.jpg", "val_batch0_pred.jpg"]}, "Results": {"_type": "images/separated", "width": 2400, "height": 1200, "format": "png", "count": 6, "captions": ["results.png", "confusion_matrix.png", "F1_curve.png", "PR_curve.png", "P_curve.png", "R_curve.png"]}}